{
  "author": "Duende Software",
  "classifications": [
    "Web",
    "IdentityServer"
  ],
  "name": "Duende IdentityServer with Entity Framework Stores",
  "identity": "IdentityServer.EntityFramework",
  "groupIdentity": "IdentityServer.EntityFramework",
  "shortName": "isef",
  "tags": {
    "language": "C#",
    "type": "project"
  },

  "sourceName": "IdentityServerEntityFramework",
  "preferNameDirectory": "true",
  "primaryOutputs": [ { "path": "IdentityServerEntityFramework.csproj" } ],

  "postActions": [{
    "actionId": "3A7C4B45-1F5D-4A30-959A-51B88E82B5D2",
    "args": {
      "executable": "dotnet",
      "args": "run /seed"
    },
    "manualInstructions": [{ 
       "text": "Seeds the initial database" 
       }],
    "continueOnError": "false",
    "description ": "seeds the database"
  }]
}